ADM_CD,행정동명,충전소수,충전기수,지역,위도,경도
11010530,사직동,69,284,서울,37.572908693333844,126.97181347909161
11010540,삼청동,4,5,서울,37.5812934757155,126.98188397444001
11010550,부암동,4,5,서울,37.59685546050488,126.96238705893761
11010560,평창동,16,30,서울,37.60893549519853,126.9695862848373
11010570,무악동,21,43,서울,37.57610860254935,126.95823207472758
11010580,교남동,26,126,서울,37.570243565595796,126.96361119665872
11010600,가회동,9,43,서울,37.57812122968718,126.98759479494795
11010610,종로1·2·3·4가동,74,208,서울,37.572502522138386,126.98489946687911
11010630,종로5·6가동,14,41,서울,37.57380018466954,127.00188647727595
11010640,이화동,24,36,서울,37.579294087968094,127.00108550920537
11010670,창신1동,6,13,서울,37.57324397280925,127.014841562873
11010690,창신3동,11,27,서울,37.579173658967825,127.01305062451212
11010700,숭인1동,8,15,서울,37.576807746234216,127.0158879810036
11010710,숭인2동,12,26,서울,37.574407773721845,127.02157406404339
11010720,청운효자동,6,13,서울,37.57975682335187,126.9718074492323
11010730,혜화동,24,45,서울,37.586795158827,126.99642471861472
11020520,소공동,62,227,서울,37.56253207566013,126.97455420741866
11020540,회현동,48,153,서울,37.55701813864735,126.9767218904698
11020550,명동,88,287,서울,37.56518820012715,126.98417135752194
11020570,필동,13,36,서울,37.559353723874764,126.9956603136757
11020580,장충동,26,55,서울,37.55667636947895,127.00396626698918
11020590,광희동,21,51,서울,37.56679559741104,127.0056968616405
11020600,을지로동,8,25,서울,37.56622007793629,127.0004132840698
11020650,신당5동,15,70,서울,37.56171413679942,127.02163465054738
11020670,황학동,17,107,서울,37.57016300741031,127.02153696120655
11020680,중림동,27,103,서울,37.55684789406291,126.96518321695802
11020690,신당동,26,66,서울,37.56690223599899,127.01444958341985
11020700,다산동,6,13,서울,37.55153291149529,127.006650875097
11020710,약수동,12,37,서울,37.547863853994436,127.00661951173838
11020720,청구동,19,48,서울,37.55770183298118,127.01766431104319
11020730,동화동,13,44,서울,37.560202389613266,127.01672487612649
11030510,후암동,7,8,서울,37.55104145397428,126.97692521896575
11030520,용산2가동,6,9,서울,37.543278278843346,126.98708816346145
11030530,남영동,24,103,서울,37.54194956903001,126.97604310192898
11030570,원효로2동,27,64,서울,37.534632154671414,126.95087226582909
11030580,효창동,14,30,서울,37.54153962625772,126.96078410345193
11030590,용문동,6,12,서울,37.538860326018074,126.95707542520852
11030630,이촌1동,35,122,서울,37.51960548355065,126.9745705504236
11030640,이촌2동,5,13,서울,37.52456009015903,126.95662460126431
11030650,이태원1동,10,15,서울,37.531973498307735,126.99194530268521
11030660,이태원2동,9,19,서울,37.54110901276151,126.98924012802333
11030690,서빙고동,18,38,서울,37.5226273852151,126.98398470173078
11030700,보광동,3,12,서울,37.529136618816345,126.99743583848483
11030710,청파동,6,25,서울,37.54622694497889,126.96584928122188
11030720,원효로1동,39,107,서울,37.53805637127316,126.96838649047285
11030730,한강로동,110,572,서울,37.528604724108284,126.96674198712239
11030740,한남동,61,151,서울,37.53613421088736,127.00487358468766
11040520,왕십리2동,26,66,서울,37.56091132821932,127.0256836429254
11040540,마장동,33,82,서울,37.56740990082387,127.04046291336556
11040550,사근동,4,25,서울,37.55464996834335,127.04560105945467
11040560,행당1동,28,86,서울,37.55890495074555,127.03722902270025
11040570,행당2동,61,300,서울,37.55617319798147,127.02845951048965
11040580,응봉동,17,56,서울,37.552247708633665,127.0344092403491
11040590,금호1가동,17,81,서울,37.55394837277515,127.02554744293279
11040620,금호4가동,45,130,서울,37.54596068464459,127.018962997353
11040650,성수1가1동,35,153,서울,37.542793172856086,127.04490959128368
11040660,성수1가2동,46,104,서울,37.54847588966386,127.04800201583254
11040670,성수2가1동,21,79,서울,37.53817953309758,127.05617297602059
11040680,성수2가3동,77,231,서울,37.54595503464305,127.05766399912403
11040690,송정동,9,22,서울,37.55483443047216,127.06990307360894
11040700,용답동,30,54,서울,37.560718442686955,127.06029683934891
11040710,왕십리도선동,43,221,서울,37.56764842235524,127.02661295676172
11040720,금호2·3가동,31,128,서울,37.55236694740291,127.01964702976588
11040730,옥수동,38,122,서울,37.54342498668676,127.01415877459391
11050530,화양동,12,29,서울,37.54274391727306,127.071813636018
11050540,군자동,24,68,서울,37.55088471739378,127.07241890938889
11050550,중곡1동,3,4,서울,37.55898298425657,127.07958570992675
11050560,중곡2동,7,10,서울,37.56080783308232,127.08506688338889
11050570,중곡3동,15,20,서울,37.567756419935144,127.08423230487213
11050580,중곡4동,3,7,서울,37.56606755699911,127.0880191433237
11050590,능동,13,21,서울,37.55261006934696,127.07911443388353
11050600,구의1동,9,34,서울,37.54313144397412,127.0820642754159
11050610,구의2동,11,20,서울,37.5500035629293,127.09243322377449
11050620,구의3동,40,141,서울,37.537358178442105,127.09416686040026
11050630,광장동,48,109,서울,37.547197529900146,127.10354569880948
11050640,자양1동,13,28,서울,37.53722801496415,127.08226086393246
11050650,자양2동,21,63,서울,37.530398988835664,127.08347586532145
11050660,자양3동,56,219,서울,37.53551069628743,127.07184896676895
11050670,자양4동,18,46,서울,37.53613162683586,127.06666071458694
11060710,회기동,6,8,서울,37.59060253451291,127.05468430511263
11060720,휘경1동,25,55,서울,37.59208715967804,127.06462157726105
11060730,휘경2동,35,104,서울,37.584843442125255,127.07072308675613
11060800,청량리동,23,57,서울,37.587530745397544,127.04646750643758
11060810,용신동,39,111,서울,37.57538393095307,127.03396781646569
11060820,제기동,24,53,서울,37.583570887328456,127.03559037788587
11060830,전농1동,34,103,서울,37.57648224873849,127.04872707752946
11060840,전농2동,36,116,서울,37.58022384112734,127.05928502145646
11060860,답십리2동,38,131,서울,37.57098329366056,127.0614535859864
11060870,장안1동,27,115,서울,37.56905947004508,127.07226700442072
11060880,장안2동,42,83,서울,37.57455756182284,127.07266052270533
11060890,이문1동,20,66,서울,37.59736666615369,127.06067650535147
11060900,이문2동,29,111,서울,37.60262263527964,127.06681150322144
11060910,답십리1동,41,198,서울,37.57205934286669,127.05141641109637
11070520,면목2동,20,46,서울,37.58896851480579,127.07758338212527
11070540,면목4동,18,43,서울,37.573768076944745,127.08417114838224
11070550,면목5동,10,58,서울,37.58195632907084,127.0800686535975
11070570,면목7동,37,84,서울,37.578273555468606,127.08795094468881
11070590,상봉1동,24,106,서울,37.60113230546161,127.09193865992928
11070600,상봉2동,16,44,서울,37.59658002097829,127.08960797586069
11070610,중화1동,9,36,서울,37.59711060220892,127.08203631916777
11070620,중화2동,22,33,서울,37.59604100306782,127.07459310912206
11070640,묵1동,55,239,서울,37.615539259794815,127.0830795600332
11070650,묵2동,8,29,서울,37.61302447031273,127.07436170555886
11070680,망우3동,2,3,서울,37.59205260694004,127.09599843652933
11070690,신내1동,87,431,서울,37.61234556070845,127.10368663769633
11070700,신내2동,27,86,서울,37.61101767844904,127.09423686971634
11070710,면목본동,10,16,서울,37.58925194369442,127.08602225334894
11070720,면목3·8동,33,60,서울,37.58440354212732,127.09289748322347
11070730,망우본동,53,154,서울,37.6036799193528,127.10438969111361
11080580,돈암1동,29,129,서울,37.59967043265971,127.02375221464685
11080590,돈암2동,39,177,서울,37.597833983235354,127.01541438731127
11080600,안암동,26,108,서울,37.587581371033004,127.02870748367046
11080610,보문동,19,75,서울,37.58331567831299,127.01782972131561
11080620,정릉1동,29,109,서울,37.60276183206824,127.0163499652625
11080630,정릉2동,19,49,서울,37.60335962023588,127.01061432659031
11080640,정릉3동,14,33,서울,37.60915195213426,127.00124584043424
11080650,정릉4동,27,123,서울,37.616456898064264,127.0062367391632
11080660,길음1동,24,158,서울,37.607667292548044,127.0211092857379
11080680,길음2동,33,193,서울,37.608019681899854,127.02774713980723
11080710,월곡1동,20,150,서울,37.60846713868173,127.03725420154413
11080720,월곡2동,26,100,서울,37.601621484021976,127.04237986695797
11080760,장위1동,15,47,서울,37.619494221933095,127.04910730436275
11080770,장위2동,8,11,서울,37.61095419612781,127.05587964288999
11080780,장위3동,29,96,서울,37.62041094581233,127.04988982107216
11080810,성북동,7,16,서울,37.593541600177254,127.00379352878481
11080820,삼선동,33,154,서울,37.58525357827321,127.01253118350529
11080830,동선동,14,43,서울,37.594182285072165,127.01665344151661
11080840,종암동,45,157,서울,37.59858549568597,127.03365878938145
11080850,석관동,34,144,서울,37.61098447740097,127.06461523883725
11090600,번1동,19,69,서울,37.636744751157096,127.0275261112054
11090610,번2동,16,34,서울,37.62993772718308,127.03628777729355
11090620,번3동,27,63,서울,37.625260023544854,127.04215457668512
11090630,수유1동,7,21,서울,37.63199079417005,127.01419744242966
11090640,수유2동,9,29,서울,37.64449248523699,127.01891079158065
11090650,수유3동,8,11,서울,37.64021064436859,127.02560161866727
11090690,삼양동,23,98,서울,37.62525685503974,127.01611463899445
11090700,미아동,16,33,서울,37.63024602661005,127.02640909733145
11090710,송중동,45,166,서울,37.616957848163594,127.03501833111255
11090720,송천동,16,26,서울,37.61675039712719,127.02482995808136
11090730,삼각산동,30,281,서울,37.616847124473395,127.0169503652327
11090740,우이동,9,27,서울,37.65852476285349,127.01160951767942
11090750,인수동,9,27,서울,37.641188478045464,127.01108879932015
11100510,쌍문1동,27,74,서울,37.65125729805635,127.02100379158564
11100520,쌍문2동,15,36,서울,37.657653097306216,127.03645479623252
11100530,쌍문3동,9,38,서울,37.6463780854329,127.0290942618836
11100540,쌍문4동,21,70,서울,37.6573366944515,127.03128075696264
11100550,방학1동,52,133,서울,37.6661393075369,127.04522060521545
11100560,방학2동,8,11,서울,37.66813567926906,127.03455326170473
11100570,방학3동,48,126,서울,37.660303484183906,127.02697541331551
11100590,창1동,22,71,서울,37.648427718634885,127.04478668567859
11100600,창2동,27,77,서울,37.64283051683168,127.03585279372031
11100610,창3동,12,32,서울,37.63664723620526,127.04111712459569
11100620,창4동,53,203,서울,37.6558361906656,127.0495096963579
11100630,창5동,37,112,서울,37.65496140021725,127.04295003660492
11100640,도봉1동,25,60,서울,37.6848227603716,127.04249131202836
11100650,도봉2동,52,159,서울,37.67994197982033,127.04776738657085
11110510,월계1동,30,138,서울,37.62056533948046,127.05923004232483
11110520,월계2동,29,134,서울,37.63067795565052,127.05060655710044
11110530,월계3동,36,88,서울,37.622755893537494,127.06391753428373
11110560,공릉2동,85,338,서울,37.62626362282799,127.08570513138086
11110580,하계1동,28,94,서울,37.639333602762115,127.07385673656906
11110590,하계2동,6,21,서울,37.63655608119833,127.06272648977414
11110600,중계본동,36,147,서울,37.64870303808416,127.08161646844259
11110610,중계1동,38,158,서울,37.6499969020121,127.07389097515755
11110640,중계4동,22,67,서울,37.658834566487705,127.07603805880375
11110650,상계1동,67,210,서울,37.67858541919908,127.05488585900028
11110660,상계2동,42,124,서울,37.656140705384,127.06647163707457
11110690,상계5동,17,42,서울,37.66473385603259,127.07053696854234
11110720,상계8동,24,58,서울,37.66897348019538,127.05448204967499
11110730,상계9동,5,78,서울,37.66654394687652,127.0616951090758
11110740,상계10동,9,33,서울,37.66190625632493,127.0612281878088
11110760,상계3·4동,27,80,서울,37.66513877492892,127.07776409734352
11110770,상계6·7동,40,114,서울,37.64944794454029,127.06041152953877
11110780,중계2·3동,18,110,서울,37.642376322024596,127.06752104568083
11110790,공릉1동,35,82,서울,37.625201099754,127.0717626183029
11120510,녹번동,25,72,서울,37.604011422144836,126.93271264631349
11120520,불광1동,35,122,서울,37.614000535914116,126.93274522323394
11120550,갈현1동,7,18,서울,37.62463817174985,126.9130898098401
11120560,갈현2동,11,28,서울,37.61616501808822,126.9130351123069
11120570,구산동,23,61,서울,37.609760212989485,126.90645198546858
11120580,대조동,10,45,서울,37.611562429367034,126.92664128269111
11120590,응암1동,20,43,서울,37.59935867492034,126.92360633829985
11120600,응암2동,41,127,서울,37.591219815002,126.92307822705827
11120650,신사1동,14,42,서울,37.60000112185193,126.90652699575288
11120660,신사2동,21,47,서울,37.59142443143863,126.90620661757153
11120670,증산동,16,42,서울,37.583152379372486,126.905475278271
11120680,수색동,21,113,서울,37.587835347412955,126.89182668979026
11120710,진관동,163,486,서울,37.6388527376756,126.924226949508
11120720,불광2동,11,25,서울,37.62375862579643,126.92677923562971
11120730,응암3동,16,23,서울,37.58915453919104,126.91770136513317
11120740,역촌동,11,34,서울,37.603491665255646,126.90888064428785
11130520,천연동,24,79,서울,37.57026630840745,126.95735711432054
11130620,홍제1동,26,124,서울,37.58312378858022,126.94781915691863
11130640,홍제3동,36,95,서울,37.59189620349175,126.94833471375416
11130650,홍제2동,14,51,서울,37.58361744731446,126.95128604652578
11130660,홍은1동,29,77,서울,37.59940166814482,126.94589943520893
11130680,홍은2동,37,93,서울,37.58631199058586,126.93399535090538
11130690,남가좌1동,45,340,서울,37.5739757362429,126.91752252116041
11130700,남가좌2동,46,158,서울,37.57755123851044,126.91915342408984
11130710,북가좌1동,20,109,서울,37.575013387206106,126.90724431122081
11130720,북가좌2동,19,53,서울,37.57927467784092,126.9130369858238
11130730,충현동,46,154,서울,37.563230571514644,126.95861726850012
11130740,북아현동,20,195,서울,37.55872634635368,126.95248830047372
11130750,신촌동,38,125,서울,37.56306508848868,126.94278821596787
11130760,연희동,25,48,서울,37.57082743968483,126.9314905066184
11140590,용강동,53,149,서울,37.541618431882505,126.9447209974813
11140600,대흥동,29,79,서울,37.552502692823076,126.9415980785464
11140610,염리동,32,163,서울,37.55171195914589,126.94742844900055
11140630,신수동,35,100,서울,37.54681618857082,126.93533208785543
11140660,서교동,43,90,서울,37.553740038910554,126.91935666362899
11140680,합정동,20,52,서울,37.55001769234852,126.9116814343329
11140690,망원1동,21,38,서울,37.5540045691809,126.90191070818621
11140700,망원2동,18,41,서울,37.55850748421118,126.90048410163585
11140710,연남동,8,13,서울,37.56332072913398,126.92119888202768
11140720,성산1동,7,10,서울,37.56326178278372,126.9108256859774
11140730,성산2동,53,176,서울,37.567505630092825,126.90441111199438
11140740,상암동,119,476,서울,37.58072316832306,126.88715134065242
11140750,도화동,34,99,서울,37.538166944797524,126.94873750021027
11140760,서강동,43,112,서울,37.54880629114916,126.92787453461509
11140770,공덕동,73,217,서울,37.54737173926883,126.95631653862122
11140780,아현동,47,193,서울,37.551198043683556,126.9509363063852
11150510,목1동,79,355,서울,37.52699380626666,126.87267151727339
11150520,목2동,22,59,서울,37.54451854372869,126.87185567666096
11150530,목3동,10,43,서울,37.54759918401635,126.86612677639242
11150540,목4동,14,21,서울,37.53463766854153,126.86768339004038
11150570,신월1동,27,61,서울,37.530826453682735,126.83533012978171
11150580,신월2동,30,50,서울,37.52151279240844,126.8470861684031
11150590,신월3동,12,19,서울,37.53611486701635,126.8257728021368
11150600,신월4동,25,73,서울,37.52284585202722,126.83933059760972
11150610,신월5동,17,31,서울,37.5424229758068,126.82910130262877
11150620,신월6동,12,21,서울,37.51506128300006,126.84260526348275
11150630,신월7동,8,17,서울,37.523306660835665,126.82991148980364
11150640,신정1동,6,27,서울,37.52059062538836,126.85595685105487
11150650,신정2동,22,63,서울,37.51889332600098,126.8738176669462
11150660,신정3동,83,243,서울,37.514078414856314,126.84227884260763
11150690,신정6동,33,108,서울,37.51968409318569,126.86729276375182
11150700,신정7동,33,77,서울,37.51022767666061,126.86414716071182
11150710,목5동,33,173,서울,37.5362607515292,126.88038912389146
11150720,신정4동,12,21,서울,37.52716634479383,126.8593160220199
11160510,염창동,124,336,서울,37.55269305639292,126.87089508548198
11160520,등촌1동,70,166,서울,37.557396468124224,126.85837576504721
11160530,등촌2동,18,39,서울,37.54526117110129,126.86163114464468
11160540,등촌3동,44,186,서울,37.562088095069704,126.84556412130952
11160550,화곡본동,8,9,서울,37.54199999038738,126.84637107903788
11160570,화곡2동,6,14,서울,37.5311655099976,126.85253689599578
11160580,화곡3동,45,169,서울,37.54710460165878,126.83244706266179
11160590,화곡4동,10,11,서울,37.53370622682334,126.86004264252846
11160610,화곡6동,24,40,서울,37.55391078499041,126.8494899524699
11160630,화곡8동,11,17,서울,37.533489778599645,126.8482137022157
11160650,가양2동,27,91,서울,37.565937497422496,126.8527107817609
11160660,가양3동,27,64,서울,37.56114062327608,126.85978584272041
11160670,발산1동,119,412,서울,37.554426443130396,126.82678288909355
11160690,공항동,43,154,서울,37.55704036878094,126.81312898605528
11160700,방화1동,73,192,서울,37.56891945108572,126.81821295646746
11160710,방화2동,45,200,서울,37.57318150377265,126.8035001637473
11160730,화곡1동,23,52,서울,37.53426232746396,126.83915061216331
11160740,우장산동,42,257,서울,37.55180983058985,126.83958579699362
11160751,가양1동,203,582,서울,37.565557875909434,126.8350288774928
11160761,방화3동,46,111,서울,37.578050265584245,126.81435765278756
11170510,신도림동,69,284,서울,37.50803171656194,126.88422773476663
11170520,구로1동,26,101,서울,37.49383121795391,126.87498337029156
11170540,구로3동,123,408,서울,37.48440623092943,126.89457323640038
11170550,구로4동,22,64,서울,37.49143425930602,126.8899961101595
11170560,구로5동,59,262,서울,37.50390105263356,126.8881215050538
11170610,고척1동,77,327,서울,37.49987732587284,126.86077750205786
11170620,고척2동,20,53,서울,37.506064380305276,126.85639611129787
11170640,개봉2동,31,107,서울,37.49334457909987,126.85764966799987
11170650,개봉3동,9,16,서울,37.483905112693556,126.85042273602674
11170670,오류1동,28,69,서울,37.49666787430967,126.8441308324069
11170690,수궁동,6,30,서울,37.49769812626291,126.82199720044484
11170700,가리봉동,8,18,서울,37.48140976844088,126.8894213454139
11170710,구로2동,40,108,서울,37.50076784094273,126.88063515979503
11170720,개봉1동,24,110,서울,37.49701359225522,126.85358571687973
11170730,오류2동,66,186,서울,37.48607971907025,126.84010004409886
11170740,항동,26,128,서울,37.479025969306484,126.82104271568673
11180510,가산동,200,780,서울,37.47729816177707,126.88354970566762
11180520,독산1동,59,239,서울,37.464843670865314,126.89392830599894
11180530,독산2동,12,19,서울,37.463574553693626,126.89975530561215
11180540,독산3동,11,28,서울,37.47761779407614,126.90088203116622
11180550,독산4동,2,5,서울,37.46816208572912,126.9012507812582
11180570,시흥1동,26,57,서울,37.45369106471104,126.8987080689638
11180580,시흥2동,15,91,서울,37.451106299973056,126.91836457844914
11180590,시흥3동,11,65,서울,37.44403741987901,126.90192903312074
11180600,시흥4동,14,27,서울,37.46060700596965,126.90801126857652
11180610,시흥5동,7,20,서울,37.45226249745989,126.9102614550263
11190540,여의동,159,585,서울,37.52422113463463,126.9257398296552
11190550,당산1동,61,172,서울,37.52373721004116,126.89728183141726
11190560,당산2동,46,172,서울,37.53056519356522,126.90211711356022
11190610,양평1동,58,184,서울,37.52477348237678,126.88731949310294
11190620,양평2동,69,221,서울,37.537149999446825,126.89306471904631
11190630,신길1동,15,29,서울,37.51246477982621,126.91797687338013
11190650,신길3동,12,53,서울,37.505196787849535,126.90643258691428
11190660,신길4동,11,13,서울,37.5062583494022,126.91352566597324
11190670,신길5동,24,81,서울,37.50343744819534,126.90817484342458
11190680,신길6동,14,52,서울,37.49843616201577,126.91173108216589
11190690,신길7동,25,101,서울,37.50540267051057,126.91874420644886
11190700,대림1동,27,66,서울,37.494017335350804,126.90525994386327
11190710,대림2동,19,37,서울,37.48757666662991,126.9008898036393
11190720,대림3동,19,56,서울,37.50351766285545,126.8961583886161
11190730,영등포본동,18,137,서울,37.5123100101082,126.90436269303044
11190740,영등포동,49,188,서울,37.52354660314625,126.90616022107956
11190750,도림동,18,60,서울,37.509527174241114,126.89756143816972
11190760,문래동,93,335,서울,37.517453186386426,126.89237118871314
11200520,노량진2동,5,34,서울,37.51455081876799,126.9382532899629
11200530,상도1동,33,121,서울,37.49903983066768,126.95476321155431
11200540,상도2동,32,131,서울,37.50288016241701,126.94277488704934
11200550,상도3동,13,20,서울,37.49830469060004,126.9325774114398
11200560,상도4동,19,39,서울,37.49737871434387,126.94220652412427
11200630,사당1동,12,22,서울,37.48126335233221,126.98017569492663
11200650,사당3동,24,97,서울,37.48828326081149,126.97138841860982
11200660,사당4동,10,20,서울,37.480253445284575,126.97089444962151
11200670,사당5동,8,37,서울,37.49061026696983,126.96348681527687
11200680,대방동,49,126,서울,37.510342749328544,126.92845734382472
11200690,신대방1동,40,163,서울,37.49049479175789,126.90928612925644
11200700,신대방2동,44,185,서울,37.49502606720946,126.92345537995392
11200710,흑석동,49,195,서울,37.50528049591062,126.9608089247147
11200720,노량진1동,30,121,서울,37.510146211080176,126.94777206061868
11200730,사당2동,29,96,서울,37.49376187610187,126.97921190376222
11210520,보라매동,17,44,서울,37.49141833223561,126.92697727044116
11210540,청림동,26,62,서울,37.48945937843227,126.96023937962774
11210570,행운동,10,47,서울,37.483377242703476,126.96126434258734
11210580,낙성대동,15,49,서울,37.475370115894634,126.95710826489798
11210610,중앙동,10,15,서울,37.482765539284955,126.9514963915418
11210620,인헌동,9,17,서울,37.4717544253969,126.96478547754278
11210630,남현동,26,50,서울,37.47298592256546,126.97833600126607
11210640,서원동,4,9,서울,37.48254593579712,126.93597931277276
11210650,신원동,4,10,서울,37.48106627456541,126.92805402909201
11210660,서림동,5,16,서울,37.471880497847756,126.93825659186257
11210680,신사동,11,12,서울,37.485459990899976,126.91760134751358
11210690,신림동,10,13,서울,37.48666965304032,126.92720974845793
11210710,난향동,7,26,서울,37.460661389514726,126.92039910553305
11210720,조원동,14,22,서울,37.482856554700156,126.9078221550898
11210730,대학동,39,131,서울,37.46692269440073,126.94455238590952
11210780,은천동,20,143,서울,37.48736657086623,126.94477675671416
11210790,성현동,22,228,서울,37.48969760875155,126.95285700606419
11210800,청룡동,23,39,서울,37.47801130627122,126.94734641287275
11210810,난곡동,6,11,서울,37.47106701989438,126.92119802582054
11210820,삼성동,23,67,서울,37.46364700667054,126.92752951300885
11210830,미성동,21,49,서울,37.47636228898857,126.91251201540004
11220510,서초1동,63,146,서울,37.487490129263215,127.01947309695355
11220520,서초2동,64,203,서울,37.49053888387905,127.02779857201881
11220530,서초3동,94,267,서울,37.48415072934018,127.00976004269057
11220540,서초4동,44,179,서울,37.49855978734347,127.01954549332228
11220550,잠원동,55,193,서울,37.516582148346565,127.01375853533949
11220560,반포본동,1,6,서울,37.5021389516353,126.986903961393
11220570,반포1동,69,313,서울,37.505277694884114,127.01211595734175
11220580,반포2동,20,53,서울,37.50254731988847,126.99610218389674
11220590,반포3동,32,160,서울,37.50923671397268,127.00618394997701
11220600,반포4동,32,162,서울,37.50209525511181,127.00389391281327
11220610,방배본동,38,80,서울,37.49507166593931,126.98725996355378
11220620,방배1동,19,30,서울,37.48541400775163,126.99570741054904
11220630,방배2동,22,76,서울,37.47763282944119,126.98448544948137
11220640,방배3동,36,177,서울,37.47637876345682,126.99933254252181
11220650,방배4동,29,69,서울,37.48944089510017,126.98765987600244
11220660,양재1동,69,268,서울,37.46496904840266,127.02449365221571
11220670,양재2동,45,150,서울,37.46547100425367,127.03870474834983
11220680,내곡동,60,185,서울,37.45441451486889,127.05591967929217
11230510,신사동,16,38,서울,37.52351535764295,127.02483975962139
11230511,개포3동,27,86,서울,37.492600497455335,127.07847263213858
11230520,논현1동,40,82,서울,37.51221243922171,127.02659428544683
11230530,논현2동,46,118,서울,37.514650285199586,127.03726297672026
11230580,삼성1동,73,209,서울,37.51296735037994,127.06014439677708
11230590,삼성2동,67,155,서울,37.51344373883648,127.04877438831544
11230600,대치1동,33,124,서울,37.493826547967,127.05895713220788
11230630,대치4동,33,114,서울,37.5038177659443,127.05389189433255
11230640,역삼1동,171,448,서울,37.49942234930835,127.0353549742209
11230650,역삼2동,74,212,서울,37.5000171489796,127.04569457873814
11230660,도곡1동,51,116,서울,37.48828015162243,127.03997512536849
11230670,도곡2동,41,399,서울,37.49029818852658,127.0513436064094
11230680,개포1동,17,35,서울,37.48292455565492,127.05758274131003
11230710,개포4동,36,72,서울,37.47940965990478,127.0519280065901
11230720,일원본동,39,147,서울,37.486203595326614,127.08781167595517
11230730,일원1동,16,34,서울,37.49326798783305,127.08822980410211
11230750,수서동,15,89,서울,37.48669706068792,127.09970001850294
11230760,세곡동,90,407,서울,37.471413711008495,127.10058183211397
11230770,압구정동,40,66,서울,37.52710828397259,127.03382172100972
11230780,청담동,69,146,서울,37.5230055638301,127.04856646794536
11230790,대치2동,79,212,서울,37.502943960690345,127.06461514018588
11230800,개포2동,33,213,서울,37.48499509580137,127.06812586084845
11240510,풍납1동,8,37,서울,37.537969507205695,127.1168337528364
11240520,풍납2동,28,93,서울,37.528316420384456,127.11510853591079
11240530,거여1동,6,13,서울,37.4931294196762,127.14288876465854
11240540,거여2동,24,107,서울,37.491155108516814,127.14706693860239
11240550,마천1동,17,51,서울,37.49682572554197,127.15675819994235
11240560,마천2동,13,29,서울,37.49962753777368,127.15029648926004
11240570,방이1동,12,28,서울,37.50855305245434,127.123713085422
11240580,방이2동,19,31,서울,37.51504122113899,127.1132602016811
11240590,오륜동,12,71,서울,37.51973402028734,127.11676569781119
11240600,오금동,36,109,서울,37.50613222130664,127.13513275156542
11240610,송파1동,15,31,서울,37.508257064452664,127.10989079406426
11240620,송파2동,10,44,서울,37.50468740111186,127.11785972913924
11240630,석촌동,12,38,서울,37.50480088683751,127.10402513865904
11240640,삼전동,12,21,서울,37.50275734074923,127.09425511504804
11240650,가락본동,46,129,서울,37.49564144938847,127.12130222907626
11240660,가락1동,10,80,서울,37.49617334025732,127.10615461910251
11240670,가락2동,28,96,서울,37.49749242052794,127.13067615236316
11240680,문정1동,14,76,서울,37.488841144719515,127.12966424862923
11240690,문정2동,111,636,서울,37.483609699728866,127.12003003565
11240710,잠실본동,11,19,서울,37.50629979620441,127.08373525365484
11240750,잠실4동,2,4,서울,37.5203136784994,127.113265160573
11240770,잠실6동,59,275,서울,37.514910125033246,127.10346585886253
11240780,잠실7동,10,18,서울,37.50893645518095,127.07533772910149
11240790,잠실2동,33,215,서울,37.51505133925685,127.07903690114458
11240800,잠실3동,47,261,서울,37.50879627888128,127.09322630078451
11240810,장지동,36,162,서울,37.48055681479954,127.13114377526918
11240820,위례동,87,360,서울,37.480614250520844,127.14216286857263
11250530,명일1동,20,63,서울,37.55128043709732,127.14576160097957
11250540,명일2동,24,62,서울,37.552678660218014,127.15335707092133
11250550,고덕1동,17,26,서울,37.55819960438801,127.14932992129212
11250560,고덕2동,36,249,서울,37.559624346672365,127.16049564616324
11250580,암사2동,26,116,서울,37.55310158231869,127.12587457999201
11250590,암사3동,20,191,서울,37.555834281991345,127.14055933619673
11250610,천호1동,15,48,서울,37.54568790473886,127.13876371452658
11250630,천호3동,30,73,서울,37.5375468426953,127.13239838690339
11250650,성내1동,36,59,서울,37.52860319417803,127.12487911121679
11250660,성내2동,21,45,서울,37.534894549295856,127.1278203169985
11250670,성내3동,23,31,서울,37.527533183870354,127.13328619375436
11250700,둔촌1동,4,6,서울,37.52386583956797,127.13546516321533
11250710,둔촌2동,24,73,서울,37.5303850155659,127.14446511725474
11250720,암사1동,16,66,서울,37.55366325106745,127.1389539732841
11250730,천호2동,37,142,서울,37.54286124929987,127.12585678260062
11250740,길동,26,75,서울,37.53864040666135,127.14567583962906
11250750,강일동,57,201,서울,37.56385021407539,127.17618274646827
11250760,상일1동,53,262,서울,37.552047676827705,127.16670099949316
11250770,상일2동,17,73,서울,37.549995276330186,127.17648942126017
23010520,연안동,16,46,인천,37.45228241844958,126.60723673265935
23010530,신포동,18,31,인천,37.46851297099219,126.62523215403735
23010540,신흥동,31,146,인천,37.457134891598166,126.63196847931137
23010560,도원동,5,8,인천,37.4662615019217,126.63982323749937
23010580,동인천동,11,13,인천,37.47545840236368,126.62863038521384
23010630,용유동,35,124,인천,37.45379054070927,126.39642840991154
23010640,운서동,131,659,인천,37.478145473929985,126.48331399847352
23010650,영종동,44,159,인천,37.49149930630942,126.51691911236738
23010670,개항동,24,43,인천,37.47470411163136,126.60742890217651
23010681,영종1동,48,218,인천,37.489374827931606,126.55566654073924
23010691,영종2동,42,164,인천,37.493113923347295,126.56522615013965
23020510,만석동,12,54,인천,37.48522490060853,126.62181569771498
23020520,화수1·화평동,9,15,인천,37.482217548955155,126.62775585011848
23020530,화수2동,3,5,인천,37.48170525731602,126.6338176938438
23020550,송현1·2동,20,76,인천,37.47908723720228,126.63715557270945
23020570,송현3동,8,49,인천,37.48557997580686,126.65078096096786
23020580,송림1동,3,64,인천,37.47486341089581,126.63651661938803
23020590,송림2동,1,2,인천,37.4734098106142,126.642908179264
23020600,송림3·5동,17,43,인천,37.47488844782551,126.64938298743178
23020610,송림4동,13,99,인천,37.482635677551976,126.65643186653473
23020630,송림6동,12,21,인천,37.48092973021287,126.64830759130045
23020640,금창동,2,5,인천,37.472892910844,126.643089480666
23040510,옥련1동,29,76,인천,37.42384622714651,126.65151421539277
23040520,선학동,17,38,인천,37.423591834296566,126.69861760606175
23040530,연수1동,21,69,인천,37.4227277141477,126.67836663962987
23040540,연수2동,30,98,인천,37.41289688843073,126.68393565048797
23040550,연수3동,34,106,인천,37.419106494915276,126.68861515586428
23040560,청학동,37,114,인천,37.42173831106034,126.66950005833796
23040570,동춘1동,35,113,인천,37.40919557607885,126.66385276339479
23040580,동춘2동,23,119,인천,37.403542690830236,126.6709236162859
23040590,동춘3동,21,133,인천,37.40663949514331,126.6804162695546
23040600,옥련2동,15,70,인천,37.42648625666686,126.64695724794186
23040640,송도1동,151,613,인천,37.385426405822116,126.64755394059944
23040650,송도3동,146,727,인천,37.37722450210138,126.65815712099776
23040660,송도2동,144,539,인천,37.39827114356556,126.6413268832302
23040680,송도4동,85,371,인천,37.39000307992735,126.63107427089913
23040690,송도5동,50,367,인천,37.41439694148193,126.61833456471665
23050510,구월1동,33,126,인천,37.444918900781325,126.71236286303396
23050521,구월2동,23,144,인천,37.455829791193686,126.7144290989253
23050530,구월3동,58,133,인천,37.45001489415658,126.7029117158194
23050540,구월4동,5,7,인천,37.449946964399615,126.72371626163442
23050550,간석1동,17,69,인천,37.4587001347615,126.69972867914689
23050561,간석2동,20,87,인천,37.460375332310484,126.70871731259228
23050570,간석3동,30,79,인천,37.464228530465704,126.717147543845
23050580,간석4동,35,101,인천,37.467291408650446,126.69350732147115
23050590,만수1동,12,51,인천,37.450236604933835,126.73372222909676
23050600,만수2동,29,95,인천,37.463390640065235,126.73356671102137
23050610,만수3동,22,69,인천,37.46385499338408,126.72436803822113
23050620,만수4동,16,50,인천,37.45829653556413,126.73526253077074
23050630,만수5동,5,16,인천,37.45722356925385,126.72349375063686
23050640,만수6동,39,139,인천,37.44358203086753,126.73688426897898
23050670,남촌도림동,26,90,인천,37.42483072350222,126.72064808756012
23050720,논현1동,40,152,인천,37.404756842464984,126.73405258166416
23050730,논현2동,83,261,인천,37.40569482758823,126.71308078159497
23050740,논현고잔동,112,520,인천,37.395292030443684,126.72204960712229
23050750,장수서창동,36,96,인천,37.4425475082827,126.75019557624812
23050760,서창2동,63,316,인천,37.42698453497274,126.74784476554234
23060510,부평1동,40,158,인천,37.49557526778513,126.72001834062995
23060520,부평2동,8,14,인천,37.486264196521184,126.71813190388829
23060530,부평3동,14,29,인천,37.48303715752522,126.70729970003066
23060540,부평4동,25,115,인천,37.501100180963626,126.72355361800865
23060550,부평5동,13,20,인천,37.494249994220084,126.7283617519068
23060560,부평6동,9,59,인천,37.48621162264436,126.72660988922523
23060570,산곡1동,24,143,인천,37.50894118858102,126.6979855464246
23060580,산곡2동,47,170,인천,37.50354774848041,126.70537003876137
23060590,산곡3동,15,54,인천,37.491846642077775,126.70694673950783
23060600,산곡4동,20,60,인천,37.50302116976025,126.71123691989212
23060610,청천1동,19,36,인천,37.521489987893396,126.69673938338661
23060620,청천2동,53,152,인천,37.51559261495343,126.71353566604807
23060630,갈산1동,25,56,인천,37.51801143019402,126.72725095736753
23060640,갈산2동,22,81,인천,37.51141683506612,126.72652579693916
23060650,삼산1동,29,126,인천,37.52051743802916,126.74061080352234
23060660,부개1동,10,31,인천,37.48576089245471,126.73409405065226
23060670,부개2동,36,104,인천,37.49281845638157,126.73837607286067
23060680,부개3동,31,128,인천,37.50318871899407,126.73842677651754
23060690,일신동,17,71,인천,37.48081846438991,126.74862596283059
23060700,십정1동,67,259,인천,37.47783993261247,126.69988958597598
23060710,십정2동,6,7,인천,37.474167132002215,126.70228213942586
23060720,삼산2동,45,224,인천,37.511417911744196,126.73630010986825
23070510,효성1동,27,164,인천,37.53076578100852,126.71226368216402
23070520,효성2동,30,95,인천,37.52624213639715,126.71259694463585
23070530,계산1동,14,36,인천,37.54067449459825,126.72113150156666
23070540,계산2동,11,19,인천,37.54649491253904,126.72491494178104
23070550,계산3동,11,30,인천,37.53965803544663,126.73068506313997
23070560,작전1동,32,86,인천,37.529430056789636,126.73029321229617
23070570,작전2동,25,66,인천,37.529583239370105,126.72306259282857
23070580,작전서운동,74,284,인천,37.53067407054098,126.74248928415669
23070610,계양2동,36,141,인천,37.54586972398917,126.74059274849361
23070620,계산4동,71,240,인천,37.53899960367696,126.73955397014527
23070630,계양1동,20,106,인천,37.574966110078876,126.73567634044984
23070640,계양3동,42,125,인천,37.56552889459746,126.75264799642268
23080510,검암경서동,73,482,인천,37.57079850507901,126.6658193140158
23080531,연희동,53,173,인천,37.545505529397694,126.67395414099339
23080541,가정1동,44,413,인천,37.52672108609305,126.66840875914015
23080550,가정2동,22,236,인천,37.523888352713165,126.68014391970927
23080560,가정3동,7,7,인천,37.513944187634856,126.67735203655829
23080580,석남1동,15,27,인천,37.51019986111367,126.66887396854224
23080590,석남2동,19,51,인천,37.50442200805192,126.668273580837
23080600,석남3동,6,8,인천,37.50661553851344,126.67963367895187
23080620,가좌1동,35,99,인천,37.49375472642078,126.66633155618524
23080630,가좌2동,16,113,인천,37.49453168627435,126.68442367374327
23080640,가좌3동,17,40,인천,37.48805418429303,126.67999510274691
23080650,가좌4동,14,60,인천,37.48841707180084,126.68567422895579
23080730,신현원창동,40,147,인천,37.51762596393102,126.66044929412547
23080740,청라1동,68,297,인천,37.53272542782291,126.65440813237137
23080780,청라2동,103,519,인천,37.53518736483164,126.64363043165957
23080790,청라3동,111,617,인천,37.53608604985529,126.6256929028294
23080800,검단동,63,139,인천,37.605732871977246,126.66073921471697
23080810,불로대곡동,38,165,인천,37.61561401362419,126.68979444830477
23080840,오류왕길동,71,174,인천,37.59282317025458,126.63275021286125
23080850,당하동,58,222,인천,37.58922229188715,126.67527197255792
23080860,마전동,31,161,인천,37.597156085081636,126.66944970557111
23080870,원당동,38,119,인천,37.594009290746804,126.69717978710767
23080880,아라동,73,623,인천,37.59064952890647,126.70996224123849
23090520,숭의2동,12,27,인천,37.46148475147115,126.64822488509893
23090540,숭의4동,6,11,인천,37.463195676612756,126.65506730141446
23090560,용현2동,42,182,인천,37.456543557618886,126.64396127377177
23090570,용현3동,1,2,인천,37.4557383117384,126.652441791201
23090590,용현5동,29,113,인천,37.44891485761777,126.639724994426
23090600,학익1동,43,166,인천,37.442518824737874,126.65444939384301
23090610,학익2동,24,91,인천,37.442066736137775,126.67473209955297
23090620,도화1동,19,37,인천,37.46290186416889,126.67030765199156
23090650,주안1동,24,46,인천,37.46153672627481,126.68179993959883
23090660,주안2동,2,2,인천,37.45416423856035,126.6709662369015
23090670,주안3동,4,126,인천,37.447832751047855,126.67212277474603
23090680,주안4동,5,82,인천,37.453994578884355,126.69257605480001
23090690,주안5동,16,128,인천,37.46857607254801,126.68382003045573
23090700,주안6동,9,75,인천,37.46229846073379,126.69362590617985
23090710,주안7동,3,6,인천,37.446748579361916,126.67848497740901
23090720,주안8동,11,61,인천,37.44672777352827,126.68430400458796
23090730,관교동,16,76,인천,37.442694909292904,126.69822376537343
23090740,문학동,6,10,인천,37.436532340913956,126.6854618219281
23090750,숭의1·3동,25,116,인천,37.46663969460165,126.6440851945337
23090760,용현1·4동,4,9,인천,37.449268799769655,126.65222903068235
23090770,도화2·3동,48,165,인천,37.47341589066561,126.66221716717855
23510110,강화읍,56,91,인천,37.74415747023186,126.48774302812446
23510310,선원면,12,21,인천,37.720721234091535,126.48847243631391
23510320,불은면,9,19,인천,37.68098743374621,126.48098988186851
23510330,길상면,31,64,인천,37.61798588685371,126.50689125847715
23510340,화도면,21,29,인천,37.61779797607871,126.411404700384
23510350,양도면,5,5,인천,37.670298924449696,126.422010160598
23510360,내가면,15,18,인천,37.70912283566004,126.37963186470522
23510370,하점면,2,2,인천,37.7718306311712,126.3849881052425
23510380,양사면,2,2,인천,37.79678502159245,126.407224631486
23510390,송해면,2,2,인천,37.761563070128204,126.4604554173455
23510400,교동면,6,7,인천,37.78285074956583,126.28398064500773
23510410,삼산면,9,10,인천,37.68676903080365,126.33401515279579
23520310,북도면,3,4,인천,37.523725505963455,126.4341286904115
23520330,백령면,3,5,인천,37.97191234065344,124.717300061674
23520350,덕적면,1,1,인천,37.2275268344315,126.154939290561
23520360,자월면,1,1,인천,37.260860875833,126.286134191801
23520370,영흥면,27,47,인천,37.25615890550471,126.4929751441371
31011540,파장동,22,104,경기,37.31545362872632,126.98868460945884
31011550,율천동,52,380,경기,37.2948644910147,126.97543995086903
31011560,정자1동,36,143,경기,37.30747864058209,126.98640143149494
31011570,정자2동,35,241,경기,37.29062228589145,126.99602522146914
31011580,영화동,12,28,경기,37.29152824470538,127.01378508174996
31011590,송죽동,16,35,경기,37.30192781996979,127.00571969670787
31011600,조원1동,12,89,경기,37.3010715117674,127.01529727061097
31011610,연무동,6,17,경기,37.30004421935653,127.0309868163321
31011620,정자3동,53,267,경기,37.297731015040085,126.98615251450013
31011630,조원2동,17,60,경기,37.30508240687247,127.01098341456586
31012520,세류1동,12,34,경기,37.262138523860145,127.00645494984958
31012530,세류2동,7,11,경기,37.24679220348635,127.01449556263418
31012540,세류3동,6,15,경기,37.26200688818523,127.0157523977168
31012550,평동,69,230,경기,37.24914527974659,126.97998365655647
31012560,서둔동,79,221,경기,37.265102859341745,126.98852876330454
31012570,구운동,32,86,경기,37.282479564233604,126.97163325393359
31012600,권선1동,25,85,경기,37.258197250321146,127.02808495264532
31012610,곡선동,50,261,경기,37.24224811965671,127.03331345946249
31012620,입북동,25,81,경기,37.295154365493325,126.94771517600363
31012640,권선2동,61,327,경기,37.24601897077542,127.02483004907413
31012650,금곡동,66,204,경기,37.27359479385946,126.95031957566258
31012660,호매실동,52,231,경기,37.26412210584742,126.95426895360058
31013530,지동,7,29,경기,37.278317495765876,127.02632918814497
31013540,우만1동,20,59,경기,37.28669340328789,127.0341979026094
31013550,우만2동,15,58,경기,37.27850852583368,127.03791655576921
31013560,인계동,104,276,경기,37.26715585287773,127.0311854680917
31013670,매교동,16,318,경기,37.26939332871583,127.01639954274077
31013680,매산동,18,57,경기,37.267505958005756,127.00239182637696
31013690,고등동,6,6,경기,37.27315380900695,127.00240455662934
31013700,화서1동,3,44,경기,37.281848910157784,127.00111792717999
31013710,화서2동,42,159,경기,37.2857014357201,126.98899853477607
31013720,행궁동,7,15,경기,37.28111937040896,127.01772363458359
31014510,매탄1동,5,46,경기,37.272180385883196,127.04167522055697
31014520,매탄2동,7,41,경기,37.26926697738873,127.05420422745252
31014530,매탄3동,31,331,경기,37.255108386002874,127.05097043870308
31014540,매탄4동,16,67,경기,37.267404091533265,127.04663926184061
31014600,원천동,77,210,경기,37.27270752696364,127.05826566000408
31014620,광교1동,178,695,경기,37.29355199169846,127.05009554959366
31014630,광교2동,57,427,경기,37.28784391137495,127.07209049683735
31014640,영통1동,29,126,경기,37.26075634178475,127.07742353314985
31014650,영통2동,25,136,경기,37.24726990707877,127.05902687386823
31014660,영통3동,72,224,경기,37.25257633994874,127.07146006307403
31014670,망포1동,19,68,경기,37.23922896872632,127.05807460351137
31014680,망포2동,23,72,경기,37.24022636500703,127.051556887978
31021510,신흥1동,7,9,경기,37.44135817711855,127.13943082442756
31021520,신흥2동,39,169,경기,37.44995691111559,127.1488803155399
31021530,신흥3동,8,22,경기,37.443011109577746,127.14756520771299
31021540,태평1동,19,32,경기,37.44337480919439,127.12584166514993
31021550,태평2동,9,37,경기,37.44694353865835,127.1365858492041
31021560,태평3동,10,15,경기,37.444211612894684,127.1324282134078
31021570,태평4동,11,21,경기,37.44566880444319,127.1413165882891
31021580,수진1동,8,13,경기,37.4389867421636,127.13496206104969
31021590,수진2동,14,18,경기,37.43735712917225,127.12853901285163
31021600,단대동,17,37,경기,37.451724181645744,127.15627813491557
31021610,산성동,7,22,경기,37.456157689001124,127.15278612954695
31021620,양지동,9,25,경기,37.459093386205765,127.16278098699223
31021640,신촌동,5,19,경기,37.4498337267711,127.10138659185807
31021650,고등동,10,82,경기,37.42859373453651,127.09891605531404
31021660,시흥동,24,152,경기,37.40936892073261,127.092344871097
31021670,복정동,21,73,경기,37.457075762191245,127.12856147984861
31021680,위례동,64,258,경기,37.46995078219743,127.14260573499728
31022510,성남동,31,119,경기,37.43215841844919,127.1347844301237
31022530,금광1동,5,29,경기,37.443307055412006,127.16228597776363
31022540,금광2동,17,37,경기,37.448680363106334,127.16645605730234
31022550,은행1동,6,30,경기,37.45191836944996,127.16741042849259
31022560,은행2동,8,17,경기,37.45591311460651,127.16527429371972
31022570,상대원1동,82,297,경기,37.43717431519956,127.17405994689943
31022580,상대원2동,3,20,경기,37.43255685749515,127.15885343229391
31022590,상대원3동,1,1,경기,37.4397043331195,127.165566040387
31022600,하대원동,10,19,경기,37.43088345942201,127.15190306218042
31022610,도촌동,46,147,경기,37.41685994040187,127.143400514476
31022620,중앙동,26,153,경기,37.4396371832308,127.15107791921163
31023510,분당동,12,32,경기,37.372402065782566,127.13895380015906
31023520,수내3동,16,27,경기,37.368407338559706,127.12632488465978
31023530,수내1동,67,213,경기,37.377681032721696,127.1157127875974
31023540,수내2동,3,8,경기,37.37932097123035,127.12113042724775
31023550,정자2동,7,39,경기,37.36489103291733,127.1194758439035
31023560,정자3동,34,87,경기,37.360531174719135,127.11926457284989
31023580,서현1동,76,245,경기,37.38474070063928,127.1250183238559
31023590,서현2동,18,67,경기,37.37560074288075,127.13483930137107
31023600,이매1동,31,96,경기,37.39206082247782,127.12648958361906
31023610,이매2동,8,66,경기,37.39927913779619,127.12119190916368
31023620,야탑1동,45,132,경기,37.41223225771634,127.12644658277829
31023630,야탑3동,51,133,경기,37.40723981909913,127.14542564607875
31023640,야탑2동,15,46,경기,37.40859829724961,127.12921221420517
31023670,구미동,64,184,경기,37.34133245240008,127.115392704557
31023680,운중동,66,208,경기,37.3845729868803,127.0715080938031
31023710,금곡동,65,185,경기,37.35376426984371,127.10651760258393
31023720,구미1동,30,93,경기,37.348693713964934,127.11278448148462
31023740,삼평동,119,525,경기,37.40138760363879,127.10803130518592
31023750,판교동,34,120,경기,37.390216956893944,127.09143370323268
31023760,백현동,39,264,경기,37.39266079354283,127.11172455688961
31023770,정자1동,60,307,경기,37.36783288421574,127.10678002229538
31023780,정자동,6,77,경기,37.36501259406255,127.11379778778934
31030520,의정부2동,30,66,경기,37.73474815274489,127.03763591504162
31030550,호원1동,41,135,경기,37.712264844212925,127.048021376651
31030560,장암동,19,79,경기,37.71721289765081,127.05440840447817
31030570,신곡1동,48,220,경기,37.73283524658359,127.06152102948388
31030580,신곡2동,77,284,경기,37.74589048887497,127.0664950364563
31030590,송산1동,73,306,경기,37.7356385323573,127.09698162494611
31030600,자금동,40,192,경기,37.75362758978759,127.06768113954706
31030640,녹양동,29,99,경기,37.75843971835796,127.03205018360644
31030650,호원2동,36,110,경기,37.72695397118095,127.04353645548572
31030670,흥선동,16,37,경기,37.74401199870572,127.02787534214265
31030680,가능동,22,78,경기,37.752256485964985,127.03549348170098
31030690,의정부1동,45,118,경기,37.739962572389544,127.04806811254123
31030700,송산2동,29,97,경기,37.739327612458446,127.09142528837812
31030710,송산3동,62,305,경기,37.7502774303472,127.1080876752173
31041510,안양1동,10,60,경기,37.40085906815593,126.92540887870094
31041520,안양2동,17,58,경기,37.41195580111602,126.91807238256206
31041530,안양3동,9,28,경기,37.39804312941914,126.91255702967575
31041540,안양4동,11,30,경기,37.396867212620734,126.91878611118457
31041550,안양5동,4,18,경기,37.39295903648397,126.92307570696335
31041560,안양6동,39,184,경기,37.388937369030785,126.92707957575647
31041570,안양7동,31,72,경기,37.390118051518485,126.93717362202574
31041580,안양8동,13,21,경기,37.38073671853266,126.93503464880175
31041590,안양9동,17,44,경기,37.39002963885748,126.90798612278823
31041600,석수1동,20,86,경기,37.42367932937049,126.91316051214746
31041610,석수2동,26,91,경기,37.426277980945514,126.90270306329946
31041630,박달1동,8,21,경기,37.40406753260685,126.90661061325748
31041640,박달2동,11,44,경기,37.401733000747285,126.89969512563275
31041651,충훈동,5,9,경기,37.40719331593586,126.90068401287067
31042510,비산1동,11,75,경기,37.402047431176214,126.93305643964084
31042520,비산2동,14,109,경기,37.39724821859721,126.93823667207596
31042530,비산3동,9,15,경기,37.40423311804534,126.94871298068053
31042540,부흥동,7,28,경기,37.39198318210854,126.9460804859231
31042550,달안동,18,112,경기,37.395304848233955,126.95102597891957
31042580,부림동,52,169,경기,37.39561079692646,126.95923798974458
31042590,평촌동,17,66,경기,37.39293072720233,126.97618429062335
31042600,평안동,11,48,경기,37.390038999502785,126.96480800467465
31042610,귀인동,19,84,경기,37.384467006199785,126.96777764047631
31042620,호계1동,24,154,경기,37.37423803933421,126.9534575850841
31042630,호계2동,41,123,경기,37.3849493929288,126.94787250630533
31042640,호계3동,29,94,경기,37.36477294950307,126.95931349802642
31042650,범계동,30,121,경기,37.38785808385385,126.95290936327119
31042660,신촌동,4,21,경기,37.382449513323365,126.95518151041222
31042670,갈산동,8,31,경기,37.37727809115732,126.96631705484461
31042681,관양동,29,86,경기,37.40952816802058,126.96973877598273
31042691,인덕원동,73,215,경기,37.39870073381445,126.96952752073105
31051511,심곡1동,8,20,경기,37.491583729663844,126.78242471985345
31051521,심곡2동,34,65,경기,37.486486358389875,126.78302684238892
31051531,심곡3동,7,9,경기,37.48964840155832,126.77478678448544
31051541,원미2동,5,16,경기,37.491674728056815,126.78922235724275
31051551,소사동,10,37,경기,37.48738514473979,126.79544999555688
31051561,원미1동,12,58,경기,37.49704362234199,126.7930041039529
31051571,역곡1동,16,28,경기,37.48967238194995,126.81387673740034
31051581,역곡2동,10,32,경기,37.48765548436211,126.80749009830123
31051591,춘의동,26,83,경기,37.50238155685418,126.79091080200499
31051601,도당동,12,39,경기,37.5124646843001,126.78341975190764
31051611,중동,6,35,경기,37.49018933136935,126.77036932468211
31051621,상동,23,80,경기,37.49202713159016,126.7568836428555
31051631,약대동,17,34,경기,37.51334296478628,126.76780163569838
31051641,중1동,82,258,경기,37.50146993622489,126.76849957481008
31051651,중2동,42,117,경기,37.497288714118696,126.77757764068575
31051661,중3동,19,60,경기,37.50694137013867,126.77216198366237
31051671,중4동,11,99,경기,37.508311269781814,126.76374917441322
31051681,상1동,28,101,경기,37.493724638606615,126.7521394184287
31051691,상2동,51,226,경기,37.50160034942038,126.75071114966603
31051701,상3동,44,168,경기,37.50989367777321,126.75217143521381
31052511,심곡본1동,16,38,경기,37.48096209391355,126.77570545226634
31052521,심곡본동,9,22,경기,37.47971160349663,126.78251411866687
31052531,송내1동,18,45,경기,37.48271492235556,126.76055435179482
31052541,송내2동,26,56,경기,37.481592279806414,126.76809914116973
31052551,소사본동,28,53,경기,37.47942111043236,126.79336509504613
31052561,소사본1동,36,109,경기,37.471799110632986,126.80098085072208
31052571,범박동,33,148,경기,37.47226883061079,126.8085978229282
31052581,옥길동,42,217,경기,37.465630948039255,126.81918929302904
31052591,괴안동,5,14,경기,37.47892327808017,126.80918775007856
31052601,역곡3동,14,42,경기,37.48508139024239,126.8159825984232
31053511,성곡동,25,85,경기,37.51231022215815,126.80373309364708
31053521,고강본동,13,37,경기,37.53473542680975,126.81903504291151
31053531,고강1동,2,2,경기,37.528686819015,126.81227677040701
31053541,원종1동,12,23,경기,37.52869878266671,126.80595781058139
31053551,원종2동,4,6,경기,37.52836543889203,126.79880139293033
31053561,오정동,29,153,경기,37.53342164077018,126.77403613109755
31053571,신흥동,18,55,경기,37.522973284672325,126.76789897461832
31060520,광명2동,1,1,경기,37.4823353749758,126.856083400462
31060530,광명3동,2,4,경기,37.4794606227849,126.855644254558
31060540,광명4동,2,35,경기,37.4779125008652,126.85315106395902
31060550,광명5동,4,6,경기,37.476186278244,126.84657327826483
31060560,광명6동,6,125,경기,37.472330634870225,126.8506921497764
31060570,광명7동,16,74,경기,37.47113401243762,126.8541835903264
31060580,철산1동,16,64,경기,37.48975941663552,126.86894112748256
31060590,철산2동,1,1,경기,37.4828771799482,126.86480387055
31060600,철산3동,36,99,경기,37.47722804385638,126.86734134018134
31060610,철산4동,16,55,경기,37.47129029629411,126.86391961901175
31060620,하안1동,19,102,경기,37.464164809502286,126.87184906845631
31060630,하안2동,5,5,경기,37.46543542332732,126.8729011716852
31060640,하안3동,7,11,경기,37.460555203382384,126.88148898341991
31060650,하안4동,3,3,경기,37.46400347803643,126.87912513217367
31060660,소하1동,65,226,경기,37.44806071310809,126.88895882875875
31060680,학온동,6,31,경기,37.447782524562335,126.84412257369209
31060690,소하2동,38,106,경기,37.43419364870673,126.8827184685784
31060700,일직동,56,325,경기,37.41966873367984,126.88444932890783
31070110,팽성읍,31,47,경기,36.96180276742118,127.05144275790468
31070120,안중읍,64,214,경기,36.98469037839097,126.9249373216086
31070130,포승읍,68,165,경기,36.97408608705673,126.85217333099993
31070140,청북읍,45,161,경기,37.0281255286832,126.92627955433889
31070310,진위면,13,40,경기,37.11917276391132,127.07596316977421
31070320,서탄면,3,10,경기,37.12372740659233,127.0284066121443
31070330,고덕면,12,75,경기,37.026684640182275,127.03101409652642
31070340,오성면,14,15,경기,37.01742053921662,126.9698636673422
31070370,현덕면,12,52,경기,36.944662562330215,126.91830700007736
31070510,중앙동,48,212,경기,37.052623829859996,127.06420832085284
31070520,서정동,7,23,경기,37.06771725299832,127.06178817110803
31070530,송탄동,58,164,경기,37.04091015917524,127.09093113582334
31070550,지산동,21,34,경기,37.0762818938929,127.06000779299217
31070560,송북동,32,84,경기,37.081554209703455,127.0648313680505
31070570,신장1동,3,8,경기,37.083994949466586,127.051248141648
31070580,신장2동,3,3,경기,37.077082772800466,127.05203249977568
31070590,신평동,18,53,경기,36.98962815100366,127.09932627849959
31070600,원평동,25,98,경기,36.98994927950658,127.08100389889688
31070610,통복동,14,23,경기,36.99696422011618,127.08435438388108
31070640,세교동,63,215,경기,37.00960982200213,127.08089964825083
31070650,비전2동,47,357,경기,36.991512939823885,127.12164204019095
31070660,용이동,19,136,경기,36.99929190949001,127.13909619117103
31070670,비전1동,69,296,경기,37.00528967580783,127.111676267391
31070680,동삭동,26,208,경기,37.019809626666685,127.09340481212112
31070690,고덕동,59,456,경기,37.042726400936374,127.03524020456051
31080510,생연1동,7,25,경기,37.908983472787845,127.06401207887096
31080520,생연2동,13,55,경기,37.89882776657687,127.05056383306484
31080530,중앙동,8,11,경기,37.90853896387577,127.05547102136671
31080550,보산동,3,3,경기,37.9176426372764,127.061316992389
31080560,불현동,26,73,경기,37.894774123445316,127.06504625310454
31080580,소요동,13,44,경기,37.94141263666325,127.05986215521676
31080600,상패동,11,25,경기,37.90573188510977,127.04584873169404
31080610,송내동,42,153,경기,37.88959176885858,127.05171390088185
31091510,일동,12,28,경기,37.31208461974127,126.86991050842629
31091540,본오1동,8,12,경기,37.28697844996156,126.87439413234983
31091550,본오2동,6,19,경기,37.2948971687089,126.86550997238105
31091560,본오3동,18,41,경기,37.30080282716378,126.86318782191009
31091570,부곡동,6,15,경기,37.326874322159796,126.86732763052774
31091580,월피동,11,38,경기,37.332588417149545,126.84982322956704
31091620,성포동,12,65,경기,37.32149798567656,126.84644263715681
31091710,반월동,13,87,경기,37.306575903207666,126.90545711358658
31091730,안산동,3,3,경기,37.36094924506717,126.87177631312632
31091740,이동,10,30,경기,37.30831416908658,126.8489408267157
31091760,사동,19,46,경기,37.30169245092317,126.84780235077189
31091770,사이동,30,85,경기,37.2882185875017,126.85187092989368
31091780,해양동,45,255,경기,37.293593821815485,126.8289430969973
31092590,와동,17,34,경기,37.34280325326602,126.82591113829986
31092660,초지동,112,590,경기,37.30741874574543,126.8004798321768
31092680,선부1동,22,70,경기,37.33295076859671,126.80813826818051
31092690,선부2동,16,23,경기,37.34335983248525,126.8049136285547
31092700,선부3동,19,44,경기,37.345307962436564,126.81525416094803
31092720,대부동,41,86,경기,37.24513203214481,126.58617590008078
31092730,호수동,58,317,경기,37.30963017542274,126.83049200186652
31092740,고잔동,35,93,경기,37.32027462290911,126.82653359030762
31092750,중앙동,76,265,경기,37.32056453569815,126.8367845260044
31092760,원곡동,5,19,경기,37.32565630963901,126.78869439295642
31092770,신길동,54,189,경기,37.33180647264152,126.78114566501858
31092780,백운동,14,135,경기,37.327130474619146,126.80077583832517
31101510,주교동,17,55,경기,37.66122220672627,126.82609305414218
31101511,흥도동,70,278,경기,37.6339566273374,126.86754423566747
31101512,삼송1동,15,103,경기,37.653487015382225,126.89890721299392
31101513,삼송2동,37,163,경기,37.650526043838624,126.87474906938728
31101514,행신3동,14,66,경기,37.62333917673579,126.83926074638616
31101515,행신4동,8,31,경기,37.61880204600328,126.85042583572059
31101520,원신동,48,196,경기,37.66645770999513,126.88263311210787
31101540,성사1동,24,160,경기,37.660404341700136,126.84159316128955
31101550,성사2동,16,38,경기,37.651395548503444,126.83603208679624
31101560,효자동,29,159,경기,37.653607678536666,126.92041232462687
31101580,창릉동,38,321,경기,37.64733236235902,126.89385932177602
31101590,고양동,42,132,경기,37.70642047237707,126.90152567515493
31101600,관산동,14,55,경기,37.69767569584368,126.86670372771056
31101610,능곡동,27,103,경기,37.624984556259434,126.81759128193073
31101620,화정1동,34,133,경기,37.64240309002574,126.83402647476976
31101630,화정2동,37,109,경기,37.63182630877223,126.83139084163606
31101640,행주동,9,24,경기,37.61591296248063,126.8243902320573
31101650,행신1동,25,88,경기,37.62080664922981,126.83466662416153
31101660,행신2동,32,149,경기,37.61585450229908,126.83713902986057
31101670,화전동,27,164,경기,37.60203912942682,126.89224230955001
31101680,대덕동,18,116,경기,37.584917216325536,126.86265040820535
31103510,식사동,54,256,경기,37.67829973976186,126.81187427081646
31103511,중산1동,30,119,경기,37.69001055293047,126.7809909069893
31103512,중산2동,31,74,경기,37.678622413435036,126.78219067505648
31103530,정발산동,20,47,경기,37.66688465184826,126.77265260570894
31103540,풍산동,34,196,경기,37.66760512593198,126.79787537367275
31103550,백석1동,64,213,경기,37.647512208007534,126.79119764114873
31103560,마두1동,21,64,경기,37.65672465143068,126.78940458501879
31103570,마두2동,23,90,경기,37.65271061292125,126.78191880116528
31103580,장항1동,28,111,경기,37.660781067262214,126.753357404444
31103590,장항2동,116,356,경기,37.65705792399278,126.77116896444333
31103600,고봉동,23,111,경기,37.702033061673525,126.81563241173225
31103610,백석2동,30,126,경기,37.641593594022495,126.78639229779036
31104510,일산1동,34,92,경기,37.68783958751268,126.76832661683899
31104511,탄현1동,42,180,경기,37.694592209566146,126.7652364497504
31104512,탄현2동,25,81,경기,37.70043337319736,126.76723840886234
31104513,덕이동,29,160,경기,37.696674685993436,126.7503749932265
31104514,가좌동,29,124,경기,37.69322645772628,126.71968888403089
31104520,일산2동,24,76,경기,37.68378525547826,126.77380376095371
31104530,일산3동,24,101,경기,37.67955434401819,126.7660138393188
31104550,주엽1동,44,147,경기,37.669409417329604,126.76492914642292
31104560,주엽2동,37,122,경기,37.67238785476611,126.75796905332558
31104570,대화동,56,210,경기,37.672099384731794,126.74986500801128
31104580,송포동,20,140,경기,37.66671286035593,126.73836685676262
31110510,중앙동,30,117,경기,37.42903461025229,126.98609118989575
31110521,갈현동,18,49,경기,37.40943006041616,126.98230045781776
31110522,원문동,10,30,경기,37.421931123459494,126.99210483134092
31110530,별양동,14,42,경기,37.42647986808054,126.99164230053557
31110540,부림동,3,84,경기,37.4327400010172,126.99869263773672
31110550,과천동,21,50,경기,37.448440085689505,127.0105824846348
31110560,문원동,22,123,경기,37.43355259788507,127.00721289273393
31120510,갈매동,58,234,경기,37.63308057371455,127.11930271581711
31120520,동구동,46,198,경기,37.61319276883336,127.14015713701939
31120530,인창동,37,107,경기,37.60674020517579,127.13473568666984
31120540,교문1동,30,64,경기,37.59460708803583,127.13079747855755
31120550,교문2동,11,68,경기,37.59023897110543,127.13571019609336
31120560,수택1동,16,50,경기,37.59773012976305,127.14704896397411
31120570,수택2동,25,67,경기,37.59573492605665,127.14005358540999
31120580,수택3동,29,112,경기,37.588040145223275,127.14259461761837
31130110,와부읍,48,302,경기,37.584758420117524,127.21926282766698
31130111,화도읍,135,460,경기,37.65251052375607,127.30276815790651
31130120,진접읍,123,436,경기,37.724353268924524,127.19689869949609
31130140,진건읍,30,79,경기,37.659015228142,127.18006503399835
31130150,오남읍,83,238,경기,37.6905217305051,127.20633975987354
31130160,퇴계원읍,28,82,경기,37.65347769382087,127.14468067293045
31130310,별내면,38,105,경기,37.705957002906835,127.11833724199609
31130340,수동면,19,41,경기,37.72437961633034,127.30935784283986
31130350,조안면,6,9,경기,37.58144462505701,127.33044752845656
31130510,호평동,110,442,경기,37.65915354929451,127.24866877396666
31130520,평내동,81,233,경기,37.645795358438484,127.23891496536696
31130530,금곡동,31,70,경기,37.631367750722134,127.20756571329353
31130540,양정동,10,32,경기,37.613932627034515,127.17806873157825
31130570,별내동,121,533,경기,37.656485642074266,127.12252296807792
31130580,다산1동,108,518,경기,37.6187497953675,127.15507112614918
31130590,다산2동,68,307,경기,37.60378501934582,127.16886508354918
31140510,중앙동,48,197,경기,37.15371693407356,127.07837087287551
31140530,남촌동,29,82,경기,37.157030975998204,127.05705906188169
31140550,세마동,36,154,경기,37.19009202796204,127.03962078477286
31140560,초평동,23,112,경기,37.13961250315669,127.04542906653082
31140571,신장1동,46,137,경기,37.172208900136226,127.05417714219786
31140572,신장2동,33,124,경기,37.17064427083168,127.06547695423984
31140581,대원1동,56,207,경기,37.135628885796926,127.0710948430427
31140582,대원2동,22,107,경기,37.1336757375688,127.08232229990065
31150510,대야동,49,131,경기,37.44718275388275,126.79470856567531
31150520,신천동,29,86,경기,37.43697884127169,126.78778661116601
31150530,신현동,16,57,경기,37.41450489432341,126.78980862406245
31150540,은행동,89,313,경기,37.43815621439474,126.8012049698693
31150550,매화동,22,38,경기,37.41176853636298,126.81814203928651
31150560,목감동,43,171,경기,37.37834921797869,126.85507819068889
31150590,과림동,2,2,경기,37.425586524493994,126.83637130373299
31150611,정왕2동,79,245,경기,37.35100095242322,126.73092790557115
31150620,정왕3동,52,217,경기,37.34993567888993,126.71090717338137
31150640,정왕본동,14,52,경기,37.35208847787614,126.75644758531904
31150650,정왕1동,64,244,경기,37.33866947208452,126.73694627670083
31150670,능곡동,35,124,경기,37.36975058514203,126.80906135188269
31150680,군자동,21,89,경기,37.35457928970384,126.77669022926295
31150690,월곶동,25,64,경기,37.38879363744149,126.74107188817094
31150700,연성동,31,91,경기,37.39281269592427,126.80542307955984
31150710,장곡동,36,235,경기,37.37765654158771,126.78788270187862
31150720,정왕4동,34,136,경기,37.36168739942656,126.73081740154936
31150740,배곧1동,43,332,경기,37.3773236946458,126.73030882053548
31150750,배곧2동,131,566,경기,37.364833240829476,126.72015627089272
31150760,거북섬동,34,157,경기,37.32359834179089,126.68959342829697
31160510,군포1동,45,124,경기,37.3522900361198,126.952226456369
31160520,군포2동,49,187,경기,37.34344428043901,126.93924371554812
31160540,산본1동,6,17,경기,37.373442605227055,126.94283610115077
31160550,산본2동,19,98,경기,37.37020493191884,126.93386353942006
31160560,금정동,13,33,경기,37.370365791506146,126.94416664090964
31160570,재궁동,15,52,경기,37.35724767155815,126.93624594717657
31160580,오금동,14,50,경기,37.34781609699817,126.92925133571818
31160590,수리동,12,28,경기,37.35600553812849,126.92131051757896
31160600,궁내동,22,83,경기,37.361990002992925,126.92433856780744
31160610,광정동,30,94,경기,37.364431698586856,126.92980704868044
31160630,대야동,16,36,경기,37.32628962963567,126.91305873579479
31160640,송부동,32,92,경기,37.32377600922083,126.93477293485618
31170510,고천동,28,96,경기,37.34550320189586,126.97434003514854
31170520,부곡동,42,126,경기,37.32088903862003,126.95612925230661
31170530,오전동,41,137,경기,37.35670612798659,126.96983545979754
31170540,내손1동,29,95,경기,37.37977567635599,126.97483411475035
31170550,내손2동,21,143,경기,37.389522805686866,126.9788090475993
31170560,청계동,58,191,경기,37.386397734922724,127.00087535251457
31180510,천현동,7,25,경기,37.53099103213446,127.22784340273276
31180520,신장1동,11,28,경기,37.53902182654914,127.20630239463033
31180530,신장2동,50,246,경기,37.54123377922613,127.21968316703723
31180540,덕풍1동,13,30,경기,37.53428645467503,127.19980388082284
31180550,덕풍2동,23,59,경기,37.54078136809086,127.19783741024058
31180560,덕풍3동,54,239,경기,37.553872838201144,127.20452665494841
31180590,춘궁동,5,5,경기,37.52303996593504,127.1919781971978
31180600,초이동,4,7,경기,37.52860655266185,127.16771889840243
31180611,미사3동,56,265,경기,37.55212631518388,127.18970467856094
31180620,미사1동,76,390,경기,37.563910328027966,127.19369388644252
31180630,미사2동,43,349,경기,37.57349605251385,127.18519219968226
31180650,위례동,21,244,경기,37.4786768294843,127.15133217128071
31180660,감북동,4,7,경기,37.51874196761014,127.1502555766933
31180670,감일동,20,107,경기,37.507076255977886,127.15624538674318
31191110,포곡읍,35,112,경기,37.281374542390594,127.21972114584706
31191120,모현읍,22,61,경기,37.33490778600199,127.21183340677366
31191130,이동읍,28,85,경기,37.183076627689914,127.20196608509124
31191140,남사읍,39,145,경기,37.144458644928264,127.16417028126055
31191340,원삼면,16,29,경기,37.17942433012874,127.31691352849344
31191350,백암면,20,37,경기,37.15083070216562,127.39498552647149
31191360,양지면,34,88,경기,37.23167544390429,127.29542692208219
31191510,중앙동,47,107,경기,37.229304608384375,127.20333141544131
31191530,유림동,61,133,경기,37.25430681327827,127.21889287954548
31191540,동부동,22,64,경기,37.228881629455834,127.22003363089655
31191550,역북동,15,50,경기,37.23646999725724,127.18736948577525
31191560,삼가동,43,124,경기,37.24215270818664,127.17037460344798
31192520,구갈동,47,203,경기,37.27605759358291,127.11955136992924
31192540,기흥동,72,344,경기,37.23468893767524,127.11620476669347
31192550,서농동,44,309,경기,37.23321894404448,127.07926282886419
31192560,구성동,43,197,경기,37.2940560875092,127.13545569514115
31192570,마북동,66,263,경기,37.30578670271705,127.12413660771914
31192590,보정동,60,258,경기,37.312598977220986,127.10834380712785
31192600,상하동,22,52,경기,37.25851892188868,127.14006120733595
31192610,신갈동,65,219,경기,37.278632782077345,127.10704037029133
31192630,영덕1동,65,216,경기,37.27437730288841,127.07755192661772
31192640,영덕2동,26,153,경기,37.25986809191914,127.09024054709806
31192650,상갈동,23,63,경기,37.264194028041324,127.10923649662354
31192660,보라동,58,243,경기,37.250894320475155,127.11872024874017
31192670,동백1동,20,77,경기,37.28356352043383,127.16001502905036
31192680,동백2동,66,196,경기,37.26953129254962,127.1565868250151
31192690,동백3동,41,155,경기,37.27808286467632,127.14782857788597
31193510,풍덕천1동,35,109,경기,37.327566176182536,127.09563652056345
31193520,풍덕천2동,48,206,경기,37.319482440415705,127.09188272437616
31193530,신봉동,102,280,경기,37.326951334675904,127.07320140963215
31193550,죽전2동,37,132,경기,37.32927784495925,127.10803424104301
31193560,동천동,93,361,경기,37.33937720865512,127.09249532326973
31193580,상현2동,63,319,경기,37.308350580366856,127.08858992502749
31193590,성복동,91,465,경기,37.31719978010701,127.06991400377328
31193600,죽전1동,39,138,경기,37.33244124385642,127.1243463644827
31193610,죽전3동,40,95,경기,37.325245292400986,127.1184686129121
31193620,상현1동,32,95,경기,37.30683669867803,127.08033580982563
31193630,상현3동,65,238,경기,37.300428041004025,127.07289779825592
31200110,문산읍,85,312,경기,37.864713020779135,126.78247300703435
31200120,파주읍,27,56,경기,37.830127930019586,126.82501406367243
31200130,법원읍,20,53,경기,37.85827789178112,126.8950242791552
31200150,조리읍,41,96,경기,37.745606375157564,126.81849224659625
31200310,월롱면,20,73,경기,37.80985631230638,126.76859053199796
31200320,탄현면,35,59,경기,37.79438231948113,126.70679458701937
31200350,광탄면,28,69,경기,37.776447134657666,126.88979659796361
31200360,파평면,5,8,경기,37.91943936545949,126.85388893705738
31200370,적성면,10,31,경기,37.95061681312309,126.92982644932623
31200511,교하동,25,73,경기,37.74638084855079,126.73376690138407
31200512,운정1동,125,366,경기,37.73022587902978,126.75902914221247
31200513,운정3동,133,446,경기,37.712736771278585,126.75165528649153
31200514,운정4동,8,11,경기,37.723273902489815,126.78111175007228
31200515,운정5동,46,207,경기,37.731182283922955,126.72333524302023
31200516,운정6동,26,148,경기,37.71648499084879,126.72062393734251
31200520,금촌2동,39,100,경기,37.75361384919845,126.77087480723686
31200530,금촌1동,42,93,경기,37.760278908058375,126.77906402843661
31200540,금촌3동,34,103,경기,37.77177339922139,126.76497754068012
31200570,운정2동,41,258,경기,37.72841742792845,126.7379948872461
31210110,장호원읍,24,52,경기,37.127247817575466,127.61551693876604
31210120,부발읍,35,135,경기,37.26489042097968,127.48879427745644
31210310,신둔면,26,49,경기,37.306116274777686,127.41093937846053
31210320,백사면,6,24,경기,37.310184224551215,127.46932988479897
31210330,호법면,18,36,경기,37.23092083542837,127.41267342723853
31210340,마장면,46,127,경기,37.24072042938424,127.36307201627821
31210350,대월면,21,65,경기,37.23427826615327,127.49497664162811
31210360,모가면,9,48,경기,37.17618446684311,127.42811262767736
31210370,설성면,12,25,경기,37.151506815832256,127.51215692571624
31210380,율면,4,29,경기,37.08221156902389,127.56717178436242
31210510,창전동,17,25,경기,37.28268620725273,127.44780908470621
31210520,중리동,41,93,경기,37.26635929382294,127.44493510574512
31210530,관고동,24,52,경기,37.28635059784416,127.42828830734086
31210540,증포동,70,295,경기,37.28729527538446,127.45125490770931
31220110,공도읍,108,400,경기,37.00073960288857,127.16886683572558
31220310,보개면,11,29,경기,37.02944227043367,127.31505564025107
31220320,금광면,7,22,경기,36.99837162585607,127.33552458088596
31220330,서운면,16,22,경기,36.95563469359172,127.26661120028395
31220340,미양면,7,19,경기,36.9652155661361,127.23344228833905
31220350,대덕면,9,110,경기,37.01352223349755,127.22526717524445
31220360,양성면,9,20,경기,37.08963437159616,127.2231989685865
31220380,원곡면,26,78,경기,37.04589387308559,127.13949150517514
31220390,일죽면,11,19,경기,37.1007694821295,127.46122074337379
31220400,죽산면,21,38,경기,37.057151473726776,127.4121023601644
31220410,삼죽면,2,2,경기,37.076215768334,127.378218650771
31220420,고삼면,8,24,경기,37.09402438889132,127.25915299691876
31220510,안성1동,24,59,경기,37.00815382497055,127.28077277090348
31220520,안성2동,62,199,경기,37.00684467772981,127.25929557278099
31220530,안성3동,23,87,경기,37.01929940969725,127.26211099322987
31230110,통진읍,45,213,경기,37.687881999359334,126.60176535685251
31230120,고촌읍,57,287,경기,37.603043891305326,126.76985127379486
31230130,양촌읍,72,269,경기,37.64655044429411,126.6267250522222
31230340,대곶면,17,25,경기,37.653062108963525,126.57155292756221
31230350,월곶면,15,18,경기,37.72565943916454,126.55347870008904
31230360,하성면,10,13,경기,37.713588057897795,126.64244931986407
31230530,사우동,27,83,경기,37.62035369423383,126.72271211402077
31230540,풍무동,129,514,경기,37.606106942969866,126.72494964872236
31230560,장기동,51,269,경기,37.6399767077605,126.67549871160811
31230600,운양동,73,265,경기,37.65278636172833,126.68195544136701
31230610,김포본동,85,417,경기,37.629428256583935,126.70469299449256
31230620,장기본동,54,208,경기,37.64698521815251,126.6653465533205
31230630,구래동,112,483,경기,37.64616067594797,126.6281327730891
31230640,마산동,57,276,경기,37.64055846202146,126.63554486953122
31240120,봉담읍,134,479,경기,37.216926903177985,126.95800770549701
31240130,우정읍,38,128,경기,37.05838003593637,126.79213470199551
31240140,향남읍,111,433,경기,37.12160202051726,126.91599951472655
31240150,남양읍,68,387,경기,37.19302618276102,126.83280098550847
31240310,매송면,6,32,경기,37.26527342874193,126.8869407386201
31240330,비봉면,13,21,경기,37.24070606314433,126.86788025989703
31240350,마도면,18,29,경기,37.193024438061954,126.77572385639631
31240360,송산면,27,68,경기,37.219766409541364,126.74888620957688
31240370,서신면,20,31,경기,37.17245979735174,126.66239874923848
31240380,팔탄면,30,67,경기,37.14340530871431,126.87982152319783
31240390,장안면,14,36,경기,37.081360506729325,126.84927489623043
31240420,양감면,10,25,경기,37.07923871013599,126.93023841750644
31240430,정남면,17,55,경기,37.170304111664144,126.99097691776147
31240520,진안동,64,183,경기,37.217845565510515,127.0437431828242
31240530,병점1동,42,185,경기,37.20387350720655,127.03614794772656
31240540,병점2동,24,105,경기,37.2099231825936,127.04491938280098
31240550,반월동,43,222,경기,37.23282289850457,127.06162604506565
31240560,기배동,34,120,경기,37.22413110086147,126.97693854366717
31240570,화산동,61,202,경기,37.20497153463698,127.00226030553904
31240600,동탄2동,31,154,경기,37.19402470919814,127.07399369999175
31240610,동탄1동,110,339,경기,37.20663843648177,127.07244882473097
31240620,동탄3동,63,166,경기,37.210269191940576,127.05704039634132
31240640,동탄4동,41,199,경기,37.1972222888316,127.10868495328435
31240650,동탄5동,97,402,경기,37.21147670360023,127.10231429528476
31240670,새솔동,42,264,경기,37.28441292071191,126.82088972713193
31240691,동탄7동,63,408,경기,37.16880626335785,127.11504534612725
31240700,동탄6동,76,371,경기,37.191429285051264,127.09315388920707
31240710,동탄8동,26,69,경기,37.16070480647263,127.11153544773133
31240720,동탄9동,38,303,경기,37.18445807896544,127.12593146002177
31250120,초월읍,40,123,경기,37.391832038303285,127.29301326031042
31250140,곤지암읍,40,109,경기,37.36067276845816,127.36891343683948
31250340,도척면,14,72,경기,37.32940302595641,127.3062650091964
31250350,퇴촌면,8,11,경기,37.46152051298849,127.33404545291
31250360,남종면,1,2,경기,37.49427499879,127.301984449392
31250380,남한산성면,12,18,경기,37.46339309705693,127.22792543421639
31250511,오포1동,31,58,경기,37.35926469192397,127.21806435194236
31250512,오포2동,22,74,경기,37.37781643915801,127.25622009629916
31250513,신현동,22,49,경기,37.36369298626047,127.1578249733336
31250514,능평동,26,47,경기,37.35109037210081,127.16936866646664
31250540,경안동,63,203,경기,37.40453926675495,127.2522716798562
31250550,송정동,33,77,경기,37.42207556597089,127.26193737867348
31250560,쌍령동,20,42,경기,37.39887062519224,127.27755074329075
31250570,탄벌동,29,84,경기,37.416314950677,127.23697952111027
31250580,광남1동,26,101,경기,37.39286190923965,127.2280340238698
31250590,광남2동,44,136,경기,37.38417284864015,127.23204547463814
31260110,백석읍,47,157,경기,37.79023496797086,126.9820031209483
31260310,은현면,21,36,경기,37.86838536431396,127.0353501306741
31260320,남면,5,11,경기,37.89887229890929,126.9764823839851
31260330,광적면,29,68,경기,37.8244226110212,126.98154355327176
31260340,장흥면,17,45,경기,37.71906184071523,126.96235647735206
31260510,양주1동,13,23,경기,37.79471243119879,127.03845572961599
31260520,양주2동,98,442,경기,37.79909221404728,127.09192107790817
31260530,회천1동,10,62,경기,37.84936063573666,127.06336276331474
31260540,회천2동,46,207,경기,37.82160120496164,127.05175297024046
31260550,회천3동,35,162,경기,37.83302174769582,127.07030593795544
31260561,옥정1동,48,411,경기,37.83107862871333,127.08968203021672
31260571,옥정2동,62,392,경기,37.81856547222524,127.09052233339709
31270110,소흘읍,44,162,경기,37.82212133387364,127.14272766753791
31270310,군내면,36,87,경기,37.88853790331103,127.21412804239027
31270320,내촌면,11,26,경기,37.782127863619365,127.23032995051454
31270330,가산면,7,7,경기,37.83897524668885,127.18679237642657
31270340,신북면,24,65,경기,37.95080803444279,127.20370934472432
31270350,창수면,6,7,경기,38.0027644074085,127.18839244842813
31270360,영중면,17,27,경기,37.99355529598125,127.23368336143596
31270370,일동면,24,43,경기,37.9487653880357,127.32705188364638
31270380,이동면,23,44,경기,38.02618429379357,127.3691493308495
31270390,영북면,29,57,경기,38.08016980866623,127.27578741660831
31270400,관인면,4,7,경기,38.114521878933715,127.225910447705
31270410,화현면,10,27,경기,37.904807122156456,127.28640548461433
31270510,포천동,41,95,경기,37.89321347986042,127.19664157696813
31270520,선단동,19,70,경기,37.86441593403037,127.1563619604116
31280110,가남읍,36,86,경기,37.212583152767955,127.56282257496355
31280310,점동면,8,9,경기,37.20262393207476,127.67786073963677
31280330,흥천면,4,5,경기,37.331553272689725,127.5453452255244
31280340,금사면,6,7,경기,37.39213876411822,127.50989708395386
31280350,산북면,6,12,경기,37.40227498371643,127.43702015410001
31280360,대신면,7,14,경기,37.37350538108032,127.61621684780174
31280370,북내면,17,34,경기,37.342533629465,127.70812152368735
31280380,강천면,20,42,경기,37.27821554142329,127.70112222506809
31280390,세종대왕면,14,21,경기,37.29122724866672,127.58617366579008
31280510,여흥동,55,114,경기,37.27223716806955,127.6434490643136
31280520,중앙동,43,158,경기,37.28018052025377,127.62800998270102
31280530,오학동,36,91,경기,37.30848581116467,127.6446585973466
31550110,연천읍,17,46,경기,38.0883965629992,127.08109474542361
31550120,전곡읍,49,97,경기,38.02132218594947,127.06588237319274
31550310,군남면,4,6,경기,38.07519387978763,127.0375094319935
31550320,청산면,4,6,경기,37.99924155973574,127.088568591942
31550330,백학면,5,16,경기,38.00291936825024,126.9526594117765
31550340,미산면,6,6,경기,38.04648896423222,126.98337777526599
31550350,왕징면,1,1,경기,38.0581977028696,127.012851770693
31550360,신서면,4,5,경기,38.17805605775304,127.131349134182
31550370,중면,1,2,경기,38.1358246086192,127.019101469791
31550380,장남면,4,5,경기,37.98535057417664,126.8750283569578
31570110,가평읍,54,88,경기,37.82013501160702,127.50684732669332
31570310,설악면,57,114,경기,37.673069925024585,127.49576964335142
31570320,청평면,30,54,경기,37.72861428799788,127.42703552568447
31570330,상면,49,63,경기,37.76665382170168,127.35877838414004
31570350,북면,47,54,경기,37.90843914672861,127.49033241915083
31570360,조종면,28,46,경기,37.85887651949514,127.35701995808886
31580110,양평읍,64,159,경기,37.49378423070203,127.49975880609892
31580310,강상면,20,57,경기,37.48261417256216,127.47836357524692
31580320,강하면,6,11,경기,37.500292676257736,127.42297609173899
31580330,양서면,11,23,경기,37.54239855418276,127.32891839345184
31580340,옥천면,12,18,경기,37.52038612727669,127.45448991381133
31580350,서종면,18,22,경기,37.61837537531364,127.37438521101996
31580360,단월면,6,10,경기,37.553283731335554,127.6426478334474
31580370,청운면,7,7,경기,37.55397382085765,127.71966006069201
31580380,양동면,18,31,경기,37.43495744343159,127.72634483044752
31580390,지평면,8,16,경기,37.44327728312339,127.64204178210575
31580400,용문면,32,61,경기,37.49520939466749,127.59248304423875
31580410,개군면,8,9,경기,37.45083833970611,127.53576498552522
39010110,한림읍,171,300,제주,33.38936627816908,126.27050080913898
39010120,애월읍,210,456,제주,33.432672516149026,126.38060119860857
39010130,구좌읍,133,217,제주,33.51891613246965,126.7982151153031
39010140,조천읍,191,331,제주,33.49916664412063,126.66316545939009
39010310,한경면,73,109,제주,33.330856175268224,126.22266398111375
39010320,추자면,4,4,제주,33.9584221567617,126.30432932057775
39010330,우도면,10,21,제주,33.50000399242472,126.95328966586881
39010510,일도1동,2,2,제주,33.513990366139296,126.5252908966545
39010520,일도2동,47,71,제주,33.50517364227992,126.543013670021
39010530,이도1동,21,30,제주,33.504894616185474,126.52733682158033
39010540,이도2동,131,268,제주,33.493901055132056,126.53174664036442
39010550,삼도1동,16,22,제주,33.503426410642696,126.5192128661416
39010560,삼도2동,17,22,제주,33.5147017727916,126.52127915618067
39010570,용담1동,7,7,제주,33.50752083183751,126.51370465552557
39010580,용담2동,44,109,제주,33.50995029944213,126.49956060820615
39010590,건입동,41,53,제주,33.514172706475854,126.54218877182362
39010600,화북동,72,167,제주,33.512138882979556,126.56699377769493
39010610,삼양동,62,92,제주,33.514584688285865,126.5889170812468
39010620,봉개동,43,79,제주,33.46980154212887,126.61115042167593
39010630,아라동,218,528,제주,33.463736623353576,126.55851954566508
39010640,오라동,80,130,제주,33.480560989196334,126.51135852012835
39010650,연동,133,252,제주,33.484887196520425,126.4926716274599
39010660,노형동,200,521,제주,33.47709951213128,126.47853500963984
39010670,외도동,69,121,제주,33.486563387264525,126.43559717228776
39010680,이호동,31,112,제주,33.49424709165964,126.45417099933557
39010690,도두동,42,72,제주,33.50095598619752,126.47834414199578
39020110,대정읍,92,190,제주,33.25535816954944,126.26303977725078
39020120,남원읍,123,205,제주,33.2971240665202,126.68994576789842
39020130,성산읍,129,184,제주,33.43439279738623,126.89766572951609
39020310,안덕면,150,352,제주,33.28861405860869,126.32717867378608
39020320,표선면,89,143,제주,33.349765300308974,126.80266833096262
39020510,송산동,25,29,제주,33.243185887917186,126.57663789056524
39020520,정방동,6,10,제주,33.24681480394898,126.56667242310459
39020530,중앙동,5,6,제주,33.2506161629294,126.56374116797633
39020540,천지동,25,33,제주,33.24748643901249,126.55652344259781
39020550,효돈동,14,18,제주,33.26356560185602,126.61221484418921
39020560,영천동,47,73,제주,33.27964043775695,126.5825204026515
39020570,동홍동,77,190,제주,33.26209836444664,126.56564640333491
39020580,서홍동,32,58,제주,33.25713646636219,126.55622256844309
39020590,대륜동,120,228,제주,33.24906233868162,126.52073158647937
39020600,대천동,62,185,제주,33.252773407921886,126.49609687292335
39020610,중문동,77,149,제주,33.25675798805665,126.43552066369888
39020620,예래동,68,153,제주,33.25636179850669,126.40461671570644
